{
    "model" : "MDP",
    "parameters" :
    {
      "number_of_VMs" :
      {
        "values"   : [1, 2, 3, 4, 5, 6, 7, 8, 9, 10, 11, 12, 13, 14, 15, 16, 17, 18, 19, 20]
      },
      "total_load" :
      {
        "limits"   : [0, 10, 20, 30, 40, 50, 60, 70, 80, 90, 100]
      },
      "%_read_load" :
      {
        "limits"   : [0.5, 0.6, 0.7, 0.8, 0.9, 1.0]
      }
    },
    "actions" :
    {
      "add_VMs"    : [1],
      "remove_VMs" : [1],
      "no_op"      : [0]
    },
    "initial_qvalues"  : 0,
    "discount"         : 0.5
  }