{
  "model" : "mdp",
  "parameters" :
  {
    "number_of_VMs" :
    {
      "values"   : [1, 2, 3, 4, 5, 6, 7, 8, 9, 10, 11, 12, 13, 14, 15, 16, 17, 18, 19, 20]
    },
    "total_load" :
    {
      "limits"   : [0, 10, 20, 30, 40, 50, 60, 70, 80, 90, 100, 110, 120, 130, 140, 150, 160, 180, 190, 200, 210, 220, 230, 240, 250, 260, 270, 280, 290, 300, 310, 320,330,340,350,360,370,380,390,400]
    },
    "%_read_load" :
    {
      "limits"   : [0.5, 0.55, 0.6, 0.65, 0.7, 0.75, 0.8, 0.85, 0.9, 0.95, 1.0]
    }
  }, 
  "actions" :
  {
    "add_VMs"    : [1,2],
    "remove_VMs" : [1,2],
    "no_op"      : [0]
  },
  "initial_qvalues"  : 0,
  "discount"         : 0.5
}

